Date,Open,High,Low,Close
2023-05-19,1.08528,1.09046,1.0759,1.08019
2023-05-12,1.10209,1.10537,1.08468,1.0847
2023-05-05,1.10178,1.10917,1.0941,1.10174
2023-04-28,1.09861,1.10954,1.0961,1.1014
2023-04-21,1.09926,1.09998,1.0908,1.0988
2023-04-14,1.08995,1.10759,1.083,1.0991
2023-04-07,1.08418,1.09733,1.0787,1.09014
2023-03-31,1.07645,1.09263,1.0743,1.08381
2023-03-24,1.06832,1.093,1.0629,1.07588
2023-03-17,1.06938,1.076,1.0515,1.06639
2023-03-10,1.06237,1.07007,1.0524,1.06387
2023-03-03,1.05451,1.06914,1.0531,1.06337
2023-02-24,1.06868,1.07046,1.0535,1.05437
2023-02-17,1.06807,1.08044,1.0611,1.06929
2023-02-10,1.07814,1.0799,1.0665,1.06754
2023-02-03,1.08644,1.10327,1.0791,1.07929
2023-01-27,1.08672,1.09294,1.0833,1.08649
2023-01-20,1.08333,1.08873,1.0765,1.08549
2023-01-13,1.06409,1.0868,1.0636,1.08302
2023-01-06,1.07031,1.07087,1.04816,1.06413
2022-12-30,1.061,1.07131,1.05965,1.07025
2022-12-23,1.0588,1.06594,1.0572,1.06172
2022-12-16,1.05281,1.07363,1.0504,1.05839
2022-12-09,1.053,1.05948,1.0441,1.05329
2022-12-02,1.03706,1.0545,1.0288,1.05325
2022-11-25,1.0323,1.04485,1.02206,1.0395
2022-11-18,1.03382,1.04818,1.0269,1.03235
2022-11-11,0.99055,1.03642,0.99013,1.03538
2022-11-04,0.99567,0.9976,0.9728,0.99581
2022-10-28,0.98832,1.00937,0.98047,0.9963
2022-10-21,0.97223,0.98755,0.9703,0.9861
2022-10-14,0.97382,0.98086,0.9629,0.9719
2022-10-07,0.97954,0.99997,0.9725,0.9741
2022-09-30,0.96739,0.98539,0.9532,0.98003
2022-09-23,1.00141,1.0051,0.9664,0.969
2022-09-16,1.00913,1.01979,0.9943,1.0015
2022-09-09,0.99207,1.01134,0.9862,1.0039
2022-09-02,0.99556,1.0079,0.991,0.995
2022-08-26,1.00385,1.009,0.9899,0.9961
2022-08-19,1.02587,1.02683,1.003,1.0034
2022-08-12,1.01783,1.03687,1.0157,1.0258
2022-08-05,1.02182,1.02939,1.0121,1.0181
2022-07-29,1.02174,1.02579,1.0095,1.02248
2022-07-22,1.00829,1.02781,1.0077,1.021
2022-07-15,1.01791,1.01834,0.995,1.00843
2022-07-08,1.04206,1.04628,1.0071,1.0183
2022-07-01,1.05525,1.0615,1.0365,1.0428
2022-06-24,1.0487,1.06059,1.0467,1.0554
2022-06-17,1.05142,1.06014,1.0357,1.0498
2022-06-10,1.07188,1.07738,1.0504,1.0515
2022-06-03,1.07326,1.0787,1.0625,1.0719
2022-05-27,1.05583,1.07652,1.05571,1.07317
2022-05-20,1.03968,1.06073,1.0387,1.056
2022-05-13,1.05404,1.05924,1.0348,1.0412
2022-05-06,1.05464,1.06418,1.0481,1.0551
2022-04-29,1.08058,1.08153,1.0469,1.0541
2022-04-22,1.08069,1.09364,1.076,1.0794
2022-04-15,1.09083,1.09333,1.0756,1.0805
2022-04-08,1.1038,1.10544,1.0835,1.0875
2022-04-01,1.09836,1.11849,1.0943,1.1047
2022-03-25,1.10504,1.10703,1.0959,1.0982
2022-03-18,1.09172,1.11375,1.0899,1.105
2022-03-11,1.09236,1.11212,1.0804,1.09099
2022-03-04,1.1125,1.12465,1.0884,1.09241
2022-02-25,1.13178,1.13907,1.1104,1.12657
2022-02-18,1.13369,1.13959,1.1278,1.13203
2022-02-11,1.14628,1.14949,1.1328,1.13457
2022-02-04,1.11415,1.14839,1.1137,1.1448
2022-01-28,1.13409,1.1345,1.112,1.11456
2022-01-21,1.14128,1.14345,1.1298,1.13403
2022-01-14,1.13524,1.1483,1.1283,1.14091
2022-01-07,1.13707,1.1379,1.1271,1.13593
2021-12-31,1.13156,1.13865,1.1272,1.13659
2021-12-24,1.12395,1.13435,1.1233,1.13181
2021-12-17,1.1311,1.13605,1.122,1.1237
2021-12-10,1.1302,1.13548,1.1225,1.1314
2021-12-03,1.13018,1.1383,1.1234,1.13131
2021-11-26,1.12901,1.13308,1.1185,1.13155
2021-11-19,1.14452,1.1464,1.1248,1.12794
2021-11-12,1.15573,1.16089,1.1431,1.14447
2021-11-05,1.15631,1.16164,1.1512,1.1566
2021-10-29,1.16368,1.16922,1.1533,1.1561
2021-10-22,1.15987,1.16694,1.157,1.1647
2021-10-15,1.15693,1.16245,1.1523,1.16
2021-10-08,1.15937,1.16402,1.1527,1.1567
2021-10-01,1.17165,1.17252,1.1561,1.1594
2021-09-24,1.17255,1.17557,1.1682,1.1718
2021-09-17,1.18134,1.1846,1.17211,1.1724
2021-09-10,1.18774,1.18864,1.18,1.18115
2021-09-03,1.17949,1.1909,1.1781,1.18832
2021-08-27,1.1695,1.18023,1.16912,1.17924
2021-08-20,1.17938,1.1801,1.1662,1.16949
2021-08-13,1.17589,1.18048,1.1704,1.17936
2021-08-06,1.18635,1.18997,1.1753,1.1761
2021-07-30,1.17715,1.19087,1.1761,1.18684
2021-07-23,1.18073,1.18305,1.175,1.1768
2021-07-16,1.18754,1.188,1.177,1.1805
2021-07-09,1.18666,1.18952,1.1782,1.18776
2021-07-02,1.19352,1.19445,1.1806,1.1862
2021-06-25,1.18632,1.19753,1.1846,1.1933
2021-06-18,1.21091,1.21473,1.1846,1.18592
2021-06-11,1.21624,1.2218,1.2091,1.2108
2021-06-04,1.21959,1.22544,1.2102,1.2164
2021-05-28,1.21761,1.22664,1.2131,1.2189
2021-05-21,1.21404,1.22454,1.2124,1.2178
2021-05-14,1.21678,1.21817,1.205,1.21451
2021-05-07,1.20257,1.21715,1.1984,1.21625
2021-04-30,1.20941,1.215,1.2015,1.2019
2021-04-23,1.19752,1.21,1.1941,1.20965
2021-04-16,1.18963,1.19948,1.1869,1.19823
2021-04-09,1.1754,1.19275,1.1736,1.19008
2021-04-02,1.1789,1.17939,1.1702,1.1761
2021-03-26,1.18798,1.1947,1.176,1.17928
2021-03-19,1.19489,1.19889,1.1872,1.1904
2021-03-12,1.1917,1.199,1.1834,1.19516
2021-03-05,1.20718,1.21133,1.1892,1.19079
2021-02-26,1.21148,1.22432,1.206,1.20704
2021-02-19,1.21239,1.21695,1.2021,1.21167
2021-02-12,1.20375,1.21495,1.2018,1.21177
2021-02-05,1.21285,1.21365,1.1951,1.2043
2021-01-29,1.21672,1.21833,1.2057,1.21362
2021-01-22,1.20823,1.21896,1.2052,1.21702
2021-01-15,1.2216,1.22284,1.2072,1.20749
2021-01-08,1.22386,1.23495,1.2191,1.22193
2021-01-01,1.21832,1.23101,1.21794,1.22138
2020-12-25,1.22196,1.22571,1.2128,1.21832
2020-12-18,1.21345,1.22728,1.2114,1.2255
2020-12-11,1.213,1.21663,1.2057,1.21121
2020-12-04,1.19608,1.21775,1.1922,1.21202
2020-11-27,1.18521,1.19641,1.1799,1.1962
2020-11-20,1.18394,1.1894,1.1812,1.18544
2020-11-13,1.18881,1.192,1.1744,1.1835
2020-11-06,1.16474,1.1891,1.1602,1.18716
2020-10-30,1.18554,1.18597,1.1638,1.16459
2020-10-23,1.17177,1.18807,1.1701,1.1859
2020-10-16,1.18137,1.18268,1.1687,1.17158
2020-10-09,1.17116,1.1831,1.17077,1.1826
2020-10-02,1.16265,1.17696,1.1613,1.1716
2020-09-25,1.18411,1.18719,1.1611,1.163
2020-09-18,1.1835,1.19005,1.1736,1.1839
2020-09-11,1.18386,1.19175,1.1751,1.18453
2020-09-04,1.19084,1.20114,1.1779,1.18389
2020-08-28,1.1801,1.19197,1.1761,1.19008
2020-08-21,1.18416,1.19656,1.1753,1.17958
2020-08-14,1.1776,1.18642,1.1709,1.18408
2020-08-07,1.17944,1.19162,1.1694,1.1787
2020-07-31,1.16526,1.19088,1.1641,1.1771
2020-07-24,1.14355,1.16581,1.1401,1.1656
2020-07-17,1.13155,1.1452,1.1299,1.14253
2020-07-10,1.12439,1.13706,1.1243,1.12961
2020-07-03,1.12242,1.13027,1.1184,1.12464
2020-06-26,1.11798,1.13486,1.1167,1.12176
2020-06-19,1.12467,1.13534,1.1166,1.1176
2020-06-12,1.13011,1.14225,1.1211,1.12601
2020-06-05,1.1111,1.1384,1.1099,1.12873
2020-05-29,1.09037,1.11452,1.0869,1.11069
2020-05-22,1.08205,1.10085,1.0798,1.09
2020-05-15,1.08346,1.08965,1.0773,1.08179
2020-05-08,1.09564,1.09625,1.0764,1.08379
2020-05-01,1.0817,1.1019,1.0808,1.09798
2020-04-24,1.08677,1.08969,1.0725,1.08242
2020-04-17,1.09366,1.09908,1.081,1.08735
2020-04-10,1.08175,1.09527,1.0767,1.09317
2020-04-03,1.11098,1.11444,1.0771,1.08124
2020-03-27,1.06586,1.11473,1.0656,1.114
2020-03-20,1.1157,1.12367,1.0636,1.06929
2020-03-13,1.13868,1.14961,1.1053,1.1105
2020-03-06,1.1046,1.13548,1.1035,1.1285
2020-02-28,1.08298,1.10531,1.0804,1.10289
2020-02-21,1.08382,1.08635,1.0777,1.08471
2020-02-14,1.09436,1.09575,1.0826,1.08301
2020-02-07,1.10844,1.1091,1.094,1.0944
2020-01-31,1.10303,1.10957,1.0991,1.10917
2020-01-24,1.10908,1.1118,1.1019,1.10251
2020-01-17,1.11168,1.11728,1.1084,1.1088
2020-01-10,1.11596,1.12055,1.1084,1.112
2020-01-03,1.11791,1.12393,1.1123,1.11598
2019-12-27,1.10781,1.11883,1.1068,1.11754
2019-12-20,1.1129,1.11747,1.1065,1.10768
2019-12-13,1.10573,1.11996,1.1052,1.11223
2019-12-06,1.10209,1.11162,1.1001,1.10564
2019-11-29,1.10218,1.10323,1.098,1.10173
2019-11-22,1.10515,1.1097,1.1013,1.1022
2019-11-15,1.10199,1.1057,1.0988,1.10512
2019-11-08,1.11649,1.11755,1.1015,1.10189
2019-11-01,1.10818,1.11758,1.1071,1.1164
2019-10-25,1.11573,1.11795,1.1071,1.10799
2019-10-18,1.10299,1.1183,1.0989,1.1182
2019-10-11,1.09812,1.10628,1.0939,1.1035
2019-10-04,1.09445,1.09994,1.0878,1.0975
2019-09-27,1.10177,1.10255,1.0904,1.09394
2019-09-20,1.10789,1.10864,1.0989,1.1017
2019-09-13,1.10249,1.11096,1.0926,1.1071
2019-09-06,1.0992,1.10847,1.0924,1.10289
2019-08-30,1.1154,1.11541,1.0961,1.0989
2019-08-23,1.10952,1.11532,1.105,1.11431
2019-08-16,1.12021,1.12308,1.1065,1.109
2019-08-09,1.11057,1.12496,1.1104,1.1197
2019-08-02,1.11316,1.11621,1.1025,1.11083
2019-07-26,1.12177,1.12255,1.11,1.11278
2019-07-19,1.12718,1.12839,1.1198,1.12211
2019-07-12,1.12286,1.1286,1.1192,1.127
2019-07-05,1.13685,1.13711,1.1206,1.12245
2019-06-28,1.13746,1.14122,1.1343,1.13733
2019-06-21,1.12145,1.13778,1.118,1.13685
2019-06-14,1.13172,1.13435,1.1201,1.12089
2019-06-07,1.11716,1.13479,1.1159,1.1333
2019-05-31,1.12098,1.1215,1.1115,1.11686
2019-05-24,1.11628,1.12121,1.1106,1.1202
2019-05-17,1.12352,1.12636,1.1154,1.11581
2019-05-10,1.11939,1.12536,1.1165,1.12379
2019-05-03,1.11505,1.12648,1.1134,1.11933
2019-04-26,1.12421,1.1262,1.1109,1.1149
2019-04-19,1.13046,1.13237,1.1224,1.12449
2019-04-12,1.12185,1.13239,1.1213,1.12984
2019-04-05,1.12218,1.12547,1.1182,1.1212
2019-03-29,1.12954,1.13316,1.1208,1.1217
2019-03-22,1.13264,1.14482,1.1272,1.13
2019-03-15,1.12342,1.13444,1.122,1.1324
2019-03-08,1.1377,1.13815,1.1175,1.12347
2019-03-01,1.1336,1.14197,1.1333,1.1362
2019-02-22,1.12907,1.13713,1.1274,1.13344
2019-02-15,1.13181,1.13416,1.1233,1.1294
2019-02-08,1.14555,1.14604,1.1317,1.1321
2019-02-01,1.14086,1.15143,1.1389,1.14537
2019-01-25,1.13653,1.14176,1.1288,1.1405
2019-01-18,1.14646,1.14897,1.1352,1.136
2019-01-11,1.14046,1.15698,1.1402,1.1464
2019-01-04,1.14392,1.1545,1.1308,1.13942
2018-12-28,1.13683,1.14728,1.1341,1.14415
2018-12-21,1.13055,1.14859,1.1302,1.1367
2018-12-14,1.13979,1.14427,1.1268,1.1307
2018-12-07,1.13317,1.14237,1.13099,1.13892
2018-11-30,1.13362,1.14018,1.1265,1.13192
2018-11-23,1.14163,1.14724,1.13262,1.13365
2018-11-16,1.13166,1.14203,1.1214,1.1418
2018-11-09,1.13909,1.14997,1.1315,1.1333
2018-11-02,1.1404,1.14558,1.13,1.1387
2018-10-26,1.15116,1.15502,1.1334,1.14
2018-10-19,1.1551,1.16215,1.1432,1.15129
2018-10-12,1.1525,1.16105,1.1429,1.15585
2018-10-05,1.16047,1.16246,1.1462,1.15229
2018-09-28,1.1746,1.18153,1.1569,1.16
2018-09-21,1.16255,1.18027,1.1617,1.17474
2018-09-14,1.15551,1.17216,1.1525,1.16246
2018-09-07,1.15974,1.16593,1.1529,1.15521
2018-08-31,1.16281,1.17335,1.1583,1.1599
2018-08-24,1.14377,1.16399,1.1393,1.1621
2018-08-17,1.1398,1.14449,1.13,1.1437
2018-08-10,1.15608,1.16282,1.1386,1.14115
2018-08-03,1.166,1.17459,1.1559,1.1565
2018-07-27,1.17338,1.17512,1.1619,1.1659
2018-07-20,1.16828,1.17447,1.1574,1.1718
2018-07-13,1.17499,1.17908,1.1611,1.16843
2018-07-06,1.16736,1.17678,1.159,1.17462
2018-06-29,1.16689,1.17205,1.1526,1.16839
2018-06-22,1.15945,1.1675,1.1507,1.16536
2018-06-15,1.17715,1.18518,1.1542,1.1609
2018-06-08,1.16623,1.184,1.1651,1.17677
2018-06-01,1.16888,1.173,1.1509,1.16588
2018-05-25,1.17664,1.183,1.1644,1.165
2018-05-18,1.19472,1.19961,1.1749,1.17699
2018-05-11,1.19598,1.1978,1.1821,1.19415
2018-05-04,1.21213,1.214,1.1909,1.19585
2018-04-27,1.228,1.229,1.2053,1.2125
2018-04-20,1.23285,1.24137,1.2249,1.22864
2018-04-13,1.22739,1.23964,1.2259,1.23283
2018-04-06,1.23172,1.2345,1.2214,1.22825
2018-03-30,1.23668,1.24765,1.2282,1.2323
2018-03-23,1.22852,1.239,1.2237,1.23524
2018-03-16,1.23104,1.24127,1.2259,1.2285
2018-03-09,1.23453,1.24462,1.2267,1.23054
2018-03-02,1.22881,1.2355,1.2153,1.2317
2018-02-23,1.2415,1.24352,1.22579,1.2294
2018-02-16,1.22518,1.25556,1.2233,1.2411
2018-02-09,1.2431,1.24749,1.2204,1.22515
2018-02-02,1.24153,1.25229,1.2334,1.2457
2018-01-26,1.22586,1.25378,1.2213,1.24224
2018-01-19,1.22026,1.23232,1.21638,1.22195
2018-01-12,1.20314,1.22188,1.1914,1.21991
2018-01-05,1.2002,1.209,1.19912,1.2026
2017-12-29,1.1858,1.20255,1.18423,1.1994
2017-12-22,1.17457,1.19018,1.1739,1.186
2017-12-15,1.17693,1.18627,1.1716,1.1749
2017-12-08,1.18691,1.188,1.1729,1.17686
2017-12-01,1.1935,1.19612,1.1808,1.18971
2017-11-24,1.17652,1.19444,1.1712,1.1931
2017-11-17,1.16568,1.18606,1.1636,1.17875
2017-11-10,1.16151,1.168,1.1553,1.1663
2017-11-03,1.15949,1.16917,1.1594,1.1605
2017-10-27,1.17617,1.18369,1.1572,1.1606
2017-10-20,1.18067,1.186,1.1729,1.1783
2017-10-13,1.17391,1.188,1.1718,1.18199
2017-10-06,1.18107,1.18115,1.1668,1.17259
2017-09-29,1.19221,1.19365,1.1716,1.1813
2017-09-22,1.19418,1.20338,1.186,1.1951
2017-09-15,1.20187,1.203,1.1837,1.19418
2017-09-08,1.18783,1.20924,1.1867,1.2035
2017-09-01,1.19519,1.20704,1.1821,1.1857
2017-08-25,1.17538,1.19415,1.17294,1.1924
2017-08-18,1.18215,1.184,1.16618,1.176
2017-08-11,1.17859,1.18473,1.16878,1.18241
2017-08-04,1.17592,1.19103,1.1721,1.1772
2017-07-28,1.16726,1.17768,1.1612,1.1751
2017-07-21,1.14699,1.1683,1.1433,1.1659
2017-07-14,1.13999,1.14896,1.1369,1.14613
2017-07-07,1.14252,1.144,1.1311,1.1398
2017-06-30,1.11964,1.14456,1.117,1.1427
2017-06-23,1.12036,1.12129,1.11168,1.1183
2017-06-16,1.12036,1.1296,1.113,1.11837
2017-06-09,1.12785,1.12843,1.1164,1.1194
2017-06-02,1.11827,1.12851,1.1107,1.1279
2017-05-26,1.12062,1.12683,1.1159,1.1177
2017-05-19,1.09253,1.12122,1.092,1.1204
2017-05-12,1.0993,1.09968,1.0837,1.0926
2017-05-05,1.09023,1.1,1.0873,1.0995
2017-04-28,1.08842,1.09509,1.0818,1.08932
2017-04-21,1.06048,1.07776,1.0602,1.07246
2017-04-14,1.05784,1.06777,1.0568,1.06117
2017-04-07,1.06712,1.069,1.0578,1.05895
2017-03-31,1.08479,1.09061,1.06498,1.0663
2017-03-24,1.07529,1.08247,1.0717,1.0795
2017-03-17,1.06791,1.07824,1.0598,1.07338
2017-03-10,1.06094,1.06991,1.0522,1.067
2017-03-03,1.05591,1.06306,1.0493,1.06182
2017-02-24,1.06201,1.0633,1.0492,1.0551
2017-02-17,1.06308,1.068,1.0519,1.06128
2017-02-10,1.0784,1.07889,1.0606,1.0637
2017-02-03,1.07135,1.08288,1.06188,1.07804
2017-01-27,1.07029,1.0775,1.0655,1.06979
2017-01-20,1.06213,1.072,1.0577,1.0699
2017-01-13,1.05331,1.06848,1.0452,1.06399
2017-01-06,1.0518,1.06221,1.03394,1.0532
2016-12-30,1.04546,1.06542,1.037,1.0516
2016-12-23,1.04457,1.04993,1.035,1.0446
2016-12-16,1.05456,1.06701,1.0364,1.04492
2016-12-09,1.05333,1.08735,1.05038,1.05578
2016-12-02,1.05975,1.06899,1.0552,1.06608
2016-11-25,1.05864,1.066,1.0516,1.05892
2016-11-18,1.0838,1.08398,1.0567,1.05841
2016-11-11,1.10838,1.12996,1.0829,1.08519
2016-11-04,1.09779,1.1145,1.0934,1.1145
2016-10-28,1.08785,1.09917,1.0848,1.0981
2016-10-21,1.0971,1.10392,1.0857,1.08838
2016-10-14,1.11919,1.12004,1.0966,1.0966
2016-10-07,1.12353,1.12416,1.1102,1.12
2016-09-30,1.12347,1.128,1.1151,1.12403
2016-09-23,1.11588,1.12574,1.112,1.1226
2016-09-16,1.12365,1.12842,1.1147,1.11566
2016-09-09,1.11567,1.13271,1.1138,1.1225
2016-09-02,1.11953,1.1252,1.1121,1.1152
2016-08-26,1.13137,1.13553,1.1179,1.1195
2016-08-19,1.11599,1.13663,1.1151,1.1325
2016-08-12,1.10909,1.12214,1.1068,1.11623
2016-08-05,1.11711,1.12338,1.1044,1.1081
2016-07-29,1.09712,1.11974,1.095,1.1175
2016-07-22,1.10572,1.10838,1.0953,1.0975
2016-07-15,1.10499,1.11648,1.1014,1.10261
2016-07-08,1.11294,1.1186,1.10008,1.1049
2016-07-01,1.1072,1.11694,1.09699,1.1135
2016-06-24,1.13229,1.1428,1.09108,1.11148
2016-06-17,1.12491,1.13029,1.11289,1.1279
2016-06-10,1.13561,1.14155,1.12438,1.12484
2016-06-03,1.11107,1.13736,1.10959,1.13627
2016-05-27,1.12163,1.12429,1.11087,1.11087
2016-05-20,1.13145,1.13462,1.1177,1.12191
2016-05-13,1.13963,1.14467,1.1281,1.1305
2016-05-06,1.14542,1.16163,1.1384,1.13991
2016-04-29,1.12307,1.146,1.12225,1.14485
2016-04-22,1.12815,1.13933,1.12153,1.12153
2016-04-15,1.14045,1.14648,1.1231,1.12824
2016-04-08,1.13914,1.1454,1.1325,1.1395
2016-04-01,1.11597,1.14377,1.1152,1.1394
2016-03-25,1.12733,1.12854,1.11427,1.1163
2016-03-18,1.11641,1.13425,1.1055,1.1269
2016-03-11,1.0992,1.12178,1.08218,1.1152
2016-03-04,1.09166,1.10434,1.08236,1.1004
2016-02-26,1.1116,1.11247,1.091,1.0931
2016-02-19,1.12382,1.12416,1.1065,1.11264
2016-02-12,1.11456,1.13763,1.1084,1.1254
2016-02-05,1.0829,1.12457,1.08124,1.11521
2016-01-29,1.07926,1.09677,1.07875,1.0827
2016-01-22,1.09103,1.0976,1.07768,1.07934
2016-01-15,1.09439,1.09846,1.0802,1.0914
2016-01-08,1.08665,1.09463,1.0708,1.09193
2016-01-01,1.09618,1.09925,1.0848,1.08584
2015-12-25,1.08553,1.09842,1.0846,1.0973
2015-12-18,1.09709,1.106,1.08,1.08629
2015-12-11,1.08755,1.10428,1.0793,1.09865
2015-12-04,1.05917,1.09811,1.05216,1.08818
2015-11-27,1.06436,1.069,1.0565,1.05874
2015-11-20,1.0736,1.0763,1.0615,1.06419
2015-11-13,1.07304,1.08303,1.0671,1.0772
2015-11-06,1.10322,1.1053,1.07051,1.07356
2015-10-30,1.10188,1.1096,1.0896,1.1011
2015-10-23,1.13521,1.13871,1.0995,1.1015
2015-10-16,1.13619,1.14952,1.1333,1.13473
2015-10-09,1.12152,1.13872,1.117,1.1355
2015-10-02,1.119,1.13184,1.1132,1.1207
2015-09-25,1.12943,1.13301,1.1102,1.1192
2015-09-18,1.1344,1.14602,1.1211,1.1308
2015-09-11,1.11452,1.13495,1.112,1.1339
2015-09-04,1.11977,1.13322,1.1085,1.1149
2015-08-28,1.1391,1.1714,1.11541,1.11798
2015-08-21,1.1105,1.1393,1.1015,1.13836
2015-08-14,1.0965,1.1214,1.0923,1.1104
2015-08-07,1.09754,1.09959,1.0846,1.09617
2015-07-31,1.0975,1.11294,1.0892,1.09804
2015-07-24,1.08385,1.10179,1.0807,1.098
2015-07-17,1.1119,1.11969,1.0824,1.0828
2015-07-10,1.10217,1.12159,1.0914,1.11516
2015-07-03,1.09901,1.12785,1.0967,1.1115
2015-06-26,1.13605,1.14103,1.1129,1.11617
2015-06-19,1.1226,1.14362,1.1186,1.135
2015-06-12,1.11079,1.13865,1.1081,1.12571
2015-06-05,1.09681,1.138,1.0885,1.11068
2015-05-29,1.10017,1.10097,1.0817,1.09908
2015-05-22,1.144,1.1447,1.0999,1.1002
2015-05-15,1.11967,1.14667,1.1128,1.1442
2015-05-08,1.11855,1.13917,1.1064,1.1192
2015-05-01,1.0865,1.129,1.0818,1.11958
2015-04-24,1.0794,1.09002,1.0658,1.08695
2015-04-17,1.06126,1.08487,1.0519,1.08051
2015-04-10,1.10019,1.10356,1.0566,1.05968
2015-04-03,1.08875,1.1027,1.0712,1.09635
2015-03-27,1.08391,1.10522,1.0766,1.08935
2015-03-20,1.0499,1.104,1.0476,1.08115
2015-03-13,1.08382,1.09065,1.0461,1.05
2015-03-06,1.11814,1.12405,1.08342,1.08455
2015-02-27,1.1379,1.13932,1.1173,1.11865
2015-02-20,1.13987,1.14501,1.12779,1.13793
2015-02-13,1.13122,1.14431,1.1267,1.13775
2015-02-06,1.13116,1.15338,1.129,1.13095
2015-01-30,1.1143,1.14225,1.10966,1.12859
2015-01-23,1.15636,1.16796,1.1113,1.12031
2015-01-16,1.18667,1.18709,1.1458,1.15689
2015-01-09,1.19453,1.19763,1.1752,1.18359
2015-01-02,1.21772,1.22209,1.19925,1.19965
2014-12-26,1.22204,1.22726,1.2162,1.2181
2014-12-19,1.24739,1.25699,1.22188,1.22255
2014-12-12,1.22847,1.24952,1.2245,1.246
2014-12-05,1.24462,1.25065,1.22697,1.2285
2014-11-28,1.23724,1.25316,1.2362,1.2451
2014-11-21,1.2529,1.3,1.2375,1.2387
2014-11-14,1.2472,1.2544,1.2394,1.2523
2014-11-07,1.2506,1.2572,1.2363,1.2452
2014-10-31,1.2673,1.2768,1.2489,1.2521
2014-10-24,1.2755,1.2838,1.2616,1.2669
2014-10-17,1.2628,1.2875,1.2625,1.2758
2014-10-10,1.2514,1.2788,1.2508,1.2627
2014-10-03,1.268,1.2713,1.25,1.2512
2014-09-26,1.2826,1.2898,1.2676,1.2683
2014-09-19,1.2968,1.2994,1.2828,1.2829
2014-09-12,1.2953,1.2977,1.2859,1.2961
2014-09-05,1.3129,1.3159,1.2922,1.2951
2014-08-29,1.3191,1.3217,1.3131,1.3133
2014-08-22,1.3391,1.3398,1.3223,1.3245
2014-08-15,1.3407,1.3414,1.3337,1.3398
2014-08-08,1.3426,1.3431,1.3333,1.341
2014-08-01,1.3429,1.3444,1.3368,1.343
2014-07-25,1.3526,1.3548,1.3422,1.3434
2014-07-18,1.3605,1.3639,1.3492,1.3524
2014-07-11,1.3593,1.365,1.3575,1.3605
2014-07-04,1.3644,1.3696,1.3585,1.3596
2014-06-27,1.3595,1.3649,1.3575,1.3647
2014-06-20,1.3538,1.3642,1.3513,1.36
2014-06-13,1.3645,1.3668,1.3512,1.3539
2014-06-06,1.3629,1.3674,1.3506,1.3641
2014-05-30,1.3624,1.3668,1.3587,1.3634
2014-05-23,1.3697,1.3734,1.3616,1.3627
2014-05-16,1.3756,1.3774,1.365,1.3692
2014-05-09,1.3873,1.399,1.3745,1.3751
2014-05-02,1.3839,1.3889,1.3788,1.3869
2014-04-25,1.3816,1.3853,1.3783,1.3831
2014-04-18,1.3856,1.3863,1.3793,1.3808
2014-04-11,1.37,1.3904,1.3695,1.3884
2014-04-04,1.3753,1.3817,1.3675,1.3706
2014-03-28,1.3798,1.3865,1.3706,1.3748
2014-03-21,1.3911,1.3945,1.3751,1.3793
2014-03-14,1.3871,1.3964,1.3835,1.3911
2014-03-07,1.3757,1.3913,1.371,1.3873
2014-02-28,1.3732,1.3823,1.3642,1.3797
2014-02-21,1.3707,1.3772,1.3688,1.3736
2014-02-14,1.3614,1.3713,1.3562,1.3691
2014-02-07,1.3481,1.3639,1.3476,1.3631
2014-01-31,1.3677,1.3712,1.3479,1.3487
2014-01-24,1.3537,1.3733,1.3507,1.3678
2014-01-17,1.3677,1.3696,1.3517,1.3537
2014-01-10,1.3591,1.3685,1.3552,1.3668
2014-01-03,1.3755,1.3819,1.3582,1.3586
2013-12-27,1.3671,1.3881,1.3655,1.3746
2013-12-20,1.3727,1.3804,1.3625,1.3668
2013-12-13,1.3713,1.3807,1.3694,1.374
2013-12-06,1.3586,1.3705,1.3524,1.3704
2013-11-29,1.3549,1.3621,1.3491,1.3586
2013-11-22,1.3496,1.3575,1.34,1.3557
2013-11-15,1.3357,1.3503,1.3343,1.3495
2013-11-08,1.3486,1.3544,1.3303,1.3369
2013-11-01,1.3806,1.3817,1.3478,1.3486
2013-10-25,1.3682,1.3831,1.3651,1.3803
2013-10-18,1.3556,1.3703,1.3474,1.3682
2013-10-11,1.3562,1.3605,1.3488,1.3545
2013-10-04,1.348,1.3644,1.3477,1.3556
2013-09-27,1.353,1.3563,1.3463,1.3522
2013-09-20,1.3366,1.3567,1.3325,1.3522
2013-09-13,1.3173,1.3324,1.3165,1.329
2013-09-06,1.3212,1.3225,1.3103,1.3177
2013-08-30,1.3382,1.3397,1.3179,1.3218
2013-08-23,1.3334,1.345,1.3298,1.3381
2013-08-16,1.3337,1.3378,1.3208,1.3328
2013-08-09,1.3279,1.3399,1.3234,1.3335
2013-08-02,1.3279,1.3343,1.319,1.3276
2013-07-26,1.3136,1.3294,1.3136,1.3275
2013-07-19,1.3067,1.317,1.2991,1.3139
2013-07-12,1.2822,1.3199,1.2757,1.3062
2013-07-05,1.3014,1.3077,1.2806,1.2827
2013-06-28,1.3104,1.315,1.2984,1.302
2013-06-21,1.3348,1.3415,1.3098,1.3115
2013-06-14,1.3203,1.339,1.3175,1.3345
2013-06-07,1.299,1.3305,1.2952,1.3216
2013-05-31,1.2934,1.3061,1.2837,1.2993
2013-05-24,1.2844,1.2998,1.2818,1.2932
2013-05-17,1.2977,1.3028,1.2795,1.2838
2013-05-10,1.3118,1.3194,1.2934,1.2992
2013-05-03,1.3059,1.3242,1.3029,1.3114
2013-04-26,1.3063,1.3093,1.2954,1.3029
2013-04-19,1.3104,1.3199,1.3,1.3053
2013-04-12,1.2992,1.3138,1.2967,1.3107
2013-04-05,1.2809,1.304,1.2746,1.2989
2013-03-29,1.2961,1.3048,1.275,1.2819
2013-03-22,1.2908,1.3076,1.2841,1.2988
2013-03-15,1.2995,1.3107,1.291,1.3076
2013-03-08,1.301,1.3134,1.2954,1.3001
2013-03-01,1.3215,1.3318,1.2965,1.302
2013-02-22,1.3346,1.3434,1.3144,1.3187
2013-02-15,1.3369,1.352,1.3305,1.3357
2013-02-08,1.3654,1.3658,1.335,1.3364
2013-02-01,1.3464,1.3711,1.3413,1.3639
2013-01-25,1.3308,1.3478,1.3262,1.3457
2013-01-18,1.3359,1.3404,1.3256,1.3313
2013-01-11,1.3075,1.3365,1.3015,1.3342
2013-01-04,1.3212,1.3299,1.2996,1.3066
2012-12-28,1.3174,1.3283,1.3164,1.3217
2012-12-21,1.3165,1.3308,1.3142,1.3187
2012-12-14,1.2888,1.3173,1.2884,1.316
2012-12-07,1.2982,1.3126,1.2875,1.2923
2012-11-30,1.2966,1.3027,1.2879,1.2985
2012-11-23,1.2747,1.299,1.2735,1.2976
2012-11-16,1.271,1.2802,1.2659,1.274
2012-11-09,1.2815,1.2876,1.2689,1.2709
2012-11-02,1.294,1.302,1.282,1.2841
2012-10-26,1.3023,1.3083,1.2881,1.2935
2012-10-19,1.2955,1.3139,1.2889,1.3022
2012-10-12,1.3022,1.3025,1.2824,1.2953
2012-10-05,1.2814,1.3071,1.2803,1.3029
2012-09-28,1.2979,1.298,1.2828,1.2857
2012-09-21,1.3124,1.3172,1.2918,1.2971
2012-09-14,1.2806,1.3168,1.2752,1.3137
2012-09-07,1.258,1.2828,1.2499,1.2815
2012-08-31,1.2507,1.2637,1.2464,1.2576
2012-08-24,1.2338,1.2589,1.2293,1.2512
2012-08-17,1.2286,1.2385,1.2254,1.2321
2012-08-10,1.2393,1.2443,1.224,1.2288
2012-08-03,1.2301,1.2403,1.2132,1.2386
2012-07-27,1.2121,1.239,1.2041,1.2321
2012-07-20,1.225,1.2323,1.2142,1.2154
2012-07-13,1.2266,1.2334,1.2161,1.2243
2012-07-06,1.267,1.2673,1.2259,1.2281
2012-06-29,1.2552,1.2692,1.2406,1.266
2012-06-22,1.2741,1.2747,1.2517,1.257
2012-06-15,1.2653,1.2668,1.2441,1.2636
2012-06-08,1.2432,1.2624,1.2383,1.2504
2012-06-01,1.2571,1.2619,1.2287,1.2432
2012-05-25,1.2777,1.2825,1.2495,1.2512
2012-05-18,1.2885,1.2904,1.264,1.2778
2012-05-11,1.3027,1.3065,1.2904,1.2919
2012-05-04,1.324,1.3284,1.3073,1.3082
2012-04-27,1.3191,1.327,1.3104,1.3255
2012-04-20,1.3069,1.3227,1.2994,1.322
2012-04-13,1.3097,1.3213,1.3031,1.3075
2012-04-06,1.3356,1.338,1.3034,1.3095
2012-03-30,1.3267,1.3385,1.3191,1.3338
2012-03-23,1.3181,1.3291,1.3134,1.3268
2012-03-16,1.3111,1.3191,1.3001,1.3175
2012-03-09,1.3191,1.3291,1.3094,1.312
2012-03-02,1.3462,1.3485,1.3185,1.32
2012-02-24,1.318,1.3485,1.317,1.3448
2012-02-17,1.3206,1.3284,1.2973,1.3143
2012-02-10,1.3116,1.3321,1.3026,1.3196
2012-02-03,1.3224,1.3225,1.3025,1.3156
2012-01-27,1.2874,1.3233,1.2874,1.3216
2012-01-20,1.2634,1.2986,1.2624,1.2929
2012-01-13,1.2695,1.2878,1.2625,1.2673
2012-01-06,1.2937,1.3077,1.2696,1.2716
2011-12-30,1.3041,1.3083,1.2857,1.2956
2011-12-23,1.3039,1.3196,1.298,1.3045
2011-12-16,1.3377,1.3381,1.2947,1.3041
2011-12-09,1.3422,1.3486,1.328,1.3384
2011-12-02,1.3319,1.3548,1.3258,1.3392
2011-11-25,1.351,1.3568,1.3211,1.3234
2011-11-18,1.3807,1.3808,1.342,1.3522
2011-11-11,1.3826,1.3859,1.3483,1.3746
2011-11-04,1.415,1.4171,1.3607,1.3789
2011-10-28,1.3869,1.4246,1.3798,1.4146
2011-10-21,1.3877,1.3914,1.3652,1.3892
2011-10-14,1.3388,1.3894,1.3376,1.3875
2011-10-07,1.3362,1.3524,1.3145,1.3376
2011-09-30,1.3508,1.369,1.3362,1.3386
2011-09-23,1.3675,1.3788,1.3383,1.3499
2011-09-16,1.3576,1.3936,1.3501,1.3792
2011-09-09,1.4162,1.4275,1.3626,1.3656
2011-09-02,1.4484,1.4548,1.4183,1.4207
2011-08-26,1.4374,1.4501,1.4327,1.4498
2011-08-19,1.4264,1.4517,1.4257,1.4393
2011-08-12,1.4368,1.4401,1.4101,1.4245
2011-08-05,1.4358,1.4453,1.4054,1.4278
2011-07-29,1.4399,1.4536,1.4228,1.4398
2011-07-22,1.4127,1.4438,1.4013,1.4354
2011-07-15,1.4221,1.4282,1.3837,1.4149
2011-07-08,1.4537,1.4577,1.4205,1.4264
2011-07-01,1.4186,1.4551,1.41,1.4523
2011-06-24,1.4276,1.4442,1.4124,1.4186
2011-06-17,1.4331,1.4497,1.407,1.43
2011-06-10,1.463,1.4696,1.4321,1.4346
2011-06-03,1.4308,1.4642,1.4255,1.4636
2011-05-27,1.4133,1.4324,1.3966,1.431
2011-05-20,1.4076,1.4345,1.4045,1.4156
2011-05-13,1.4362,1.4442,1.4064,1.411
2011-05-06,1.4826,1.494,1.4306,1.4321
2011-04-29,1.4563,1.4882,1.4491,1.4809
2011-04-22,1.4416,1.465,1.4155,1.4559
2011-04-15,1.4451,1.452,1.4363,1.4429
2011-04-08,1.4228,1.4488,1.4151,1.4479
2011-04-01,1.4043,1.4245,1.4018,1.4231
2011-03-25,1.4173,1.425,1.405,1.4085
2011-03-18,1.3969,1.4184,1.3853,1.418
2011-03-11,1.3989,1.4036,1.375,1.3901
2011-03-04,1.3754,1.4006,1.3709,1.3986
2011-02-25,1.3699,1.3838,1.3523,1.3748
2011-02-18,1.3506,1.3715,1.3426,1.3693
2011-02-11,1.3562,1.3744,1.3495,1.3547
2011-02-04,1.3586,1.3861,1.354,1.3582
2011-01-28,1.364,1.3758,1.3537,1.3609
2011-01-21,1.3383,1.3625,1.3242,1.3619
2011-01-14,1.2877,1.3457,1.287,1.3386
2011-01-07,1.3285,1.3434,1.2899,1.2905
2010-12-31,1.3114,1.3424,1.307,1.3385
2010-12-24,1.3185,1.3202,1.305,1.3121
2010-12-17,1.3198,1.3497,1.313,1.3187
2010-12-10,1.3384,1.3422,1.3162,1.3222
2010-12-03,1.3281,1.3438,1.2966,1.3414
2010-11-26,1.3715,1.3786,1.3198,1.324
2010-11-19,1.3704,1.3751,1.3445,1.3668
2010-11-12,1.4055,1.4085,1.357,1.369
2010-11-05,1.3963,1.4282,1.3861,1.403
2010-10-29,1.3951,1.408,1.3732,1.3944
2010-10-22,1.3972,1.405,1.3696,1.3954
2010-10-15,1.4001,1.4157,1.3772,1.3977
2010-10-08,1.3788,1.4029,1.3635,1.394
2010-10-01,1.3479,1.3792,1.3378,1.3792
2010-09-24,1.305,1.3495,1.3026,1.3485
2010-09-17,1.2706,1.3159,1.2701,1.3055
2010-09-10,1.2893,1.2919,1.2641,1.2671
2010-09-03,1.2764,1.2899,1.2622,1.2895
2010-08-27,1.2704,1.2779,1.2584,1.2761
2010-08-20,1.2765,1.2922,1.2661,1.2705
2010-08-13,1.3292,1.3308,1.2746,1.2751
2010-08-06,1.3061,1.3334,1.305,1.3279
2010-07-30,1.2896,1.3107,1.2874,1.305
2010-07-23,1.2904,1.3028,1.2729,1.2902
2010-07-16,1.264,1.3007,1.2521,1.2929
2010-07-09,1.2554,1.2722,1.2478,1.2641
2010-07-02,1.2377,1.2611,1.2148,1.255
2010-06-25,1.2426,1.2467,1.2207,1.2374
2010-06-18,1.2118,1.2416,1.2112,1.2387
2010-06-11,1.1944,1.2153,1.1874,1.2111
2010-06-04,1.2278,1.2354,1.1947,1.1966
2010-05-28,1.2505,1.2517,1.215,1.2281
2010-05-21,1.2348,1.2673,1.2141,1.257
2010-05-14,1.2838,1.3094,1.2351,1.2358
2010-05-07,1.3327,1.333,1.2518,1.2752
2010-04-30,1.3344,1.3416,1.3112,1.329
2010-04-23,1.3473,1.3523,1.3198,1.3384
2010-04-16,1.3628,1.3692,1.3469,1.3502
2010-04-09,1.3491,1.3538,1.3279,1.3499
2010-04-02,1.3411,1.3585,1.3385,1.3502
2010-03-26,1.3527,1.357,1.3268,1.3407
2010-03-19,1.3767,1.3818,1.3503,1.3529
2010-03-12,1.3626,1.38,1.3538,1.3767
2010-03-05,1.363,1.3736,1.3434,1.3622
2010-02-26,1.3611,1.3692,1.3451,1.3626
2010-02-19,1.363,1.379,1.3444,1.3611
2010-02-12,1.368,1.3839,1.353,1.3631
2010-02-05,1.386,1.4026,1.3586,1.3678
2010-01-29,1.4138,1.4194,1.3862,1.3862
2010-01-22,1.4383,1.4414,1.4028,1.4134
2010-01-15,1.4408,1.458,1.4337,1.4385
2010-01-08,1.4322,1.4484,1.4258,1.4407
2010-01-01,1.4378,1.4458,1.4274,1.4334
2009-12-25,1.4338,1.4437,1.4218,1.4378
2009-12-18,1.4615,1.4685,1.4262,1.4345
2009-12-11,1.4852,1.4905,1.4586,1.4624
2009-12-04,1.4983,1.5141,1.4822,1.4857
2009-11-27,1.4859,1.5145,1.4829,1.4983
2009-11-20,1.49,1.5016,1.4801,1.4859
2009-11-13,1.4848,1.505,1.4822,1.4906
2009-11-06,1.4718,1.4918,1.4627,1.4844
2009-10-30,1.5006,1.5063,1.4684,1.473
2009-10-23,1.4902,1.506,1.4829,1.5007
2009-10-16,1.4719,1.497,1.4677,1.4904
2009-10-09,1.4575,1.4817,1.4575,1.4724
2009-10-02,1.4688,1.472,1.4481,1.4571
2009-09-25,1.4711,1.4844,1.461,1.4691
2009-09-18,1.4579,1.4767,1.4515,1.4715
2009-09-11,1.4297,1.4635,1.4288,1.4565
2009-09-04,1.4302,1.438,1.4177,1.4292
2009-08-28,1.4326,1.441,1.4205,1.4302
2009-08-21,1.42,1.4378,1.4046,1.4315
2009-08-14,1.4182,1.4327,1.4087,1.4202
2009-08-07,1.4255,1.4449,1.4154,1.4183
2009-07-31,1.4204,1.4304,1.4006,1.4249
2009-07-24,1.41,1.4291,1.4097,1.4205
2009-07-17,1.3935,1.4166,1.3898,1.4094
2009-07-10,1.4004,1.4074,1.3832,1.3933
2009-07-03,1.4052,1.4201,1.3928,1.4
2009-06-26,1.3939,1.4138,1.3826,1.4055
2009-06-19,1.4015,1.4033,1.3749,1.3932
2009-06-12,1.3967,1.4178,1.3805,1.4014
2009-06-05,1.4158,1.434,1.3933,1.3962
2009-05-29,1.4001,1.417,1.3793,1.4153
2009-05-22,1.3489,1.4051,1.3424,1.399
2009-05-15,1.3632,1.3722,1.3462,1.3494
2009-05-08,1.3273,1.3653,1.3211,1.3639
2009-05-01,1.3152,1.3387,1.2965,1.3272
2009-04-24,1.3044,1.3301,1.2886,1.3242
2009-04-17,1.3185,1.3393,1.3018,1.3041
2009-04-10,1.3482,1.3582,1.3089,1.3187
2009-04-03,1.3289,1.3517,1.3113,1.3482
2009-03-27,1.3579,1.3736,1.3257,1.3286
2009-03-20,1.2927,1.3739,1.2833,1.3579
2009-03-13,1.2652,1.2957,1.2556,1.2927
2009-03-06,1.2669,1.2754,1.2457,1.2646
2009-02-27,1.2823,1.2992,1.2604,1.2672
2009-02-20,1.286,1.2891,1.2513,1.2825
2009-02-13,1.2939,1.3094,1.2722,1.286
2009-02-06,1.281,1.3071,1.2707,1.2937
2009-01-30,1.2972,1.3329,1.2764,1.2809
2009-01-23,1.3265,1.3386,1.2765,1.2958
2009-01-16,1.3472,1.3491,1.3026,1.3268
2009-01-09,1.3919,1.3963,1.3312,1.3463
2009-01-02,1.4028,1.4363,1.384,1.3916
2008-12-26,1.3906,1.4126,1.3902,1.4026
2008-12-19,1.3364,1.4719,1.3337,1.3907
2008-12-12,1.2711,1.3416,1.2682,1.337
2008-12-05,1.2692,1.2848,1.2549,1.2717
2008-11-28,1.2953,1.3072,1.2645,1.2693
2008-11-21,1.2648,1.2814,1.2447,1.2583
2008-11-14,1.2714,1.293,1.2389,1.2603
2008-11-07,1.2726,1.3116,1.2526,1.2718
2008-10-31,1.2622,1.3298,1.2329,1.2731
2008-10-24,1.3407,1.3531,1.2496,1.2622
2008-10-17,1.3407,1.377,1.3347,1.3412
2008-10-10,1.3771,1.3786,1.326,1.3393
2008-10-03,1.4612,1.4636,1.3704,1.3782
2008-09-26,1.4466,1.4867,1.4438,1.4601
2008-09-19,1.4222,1.4542,1.4073,1.4464
2008-09-12,1.4267,1.4429,1.3882,1.4219
2008-09-05,1.4686,1.4717,1.4196,1.426
2008-08-29,1.4788,1.4808,1.457,1.4671
2008-08-22,1.4683,1.4908,1.463,1.479
2008-08-15,1.4968,1.5082,1.4658,1.4687
2008-08-08,1.5572,1.563,1.4997,1.5005
2008-08-01,1.5695,1.5767,1.5513,1.5564
2008-07-25,1.5841,1.5942,1.5627,1.5708
2008-07-18,1.5894,1.6035,1.5783,1.5846
2008-07-11,1.5697,1.5945,1.5611,1.5937
2008-07-04,1.5785,1.5896,1.5656,1.5704
2008-06-27,1.5624,1.5793,1.5468,1.5793
2008-06-20,1.5392,1.5651,1.5346,1.5607
2008-06-13,1.5784,1.5842,1.5304,1.538
2008-06-06,1.5561,1.5777,1.5365,1.5777
2008-05-30,1.5768,1.5817,1.5462,1.5554
2008-05-23,1.5584,1.5807,1.5486,1.5763
2008-05-16,1.5468,1.5599,1.5366,1.5576
2008-05-09,1.5427,1.5593,1.5289,1.548
2008-05-02,1.5621,1.569,1.5362,1.5424
2008-04-25,1.5812,1.6017,1.5555,1.5629
2008-04-18,1.5755,1.598,1.5671,1.5816
2008-04-11,1.5733,1.5908,1.5627,1.5806
2008-04-04,1.58,1.5894,1.5511,1.5737
2008-03-28,1.5438,1.5857,1.5341,1.5795
2008-03-21,1.5722,1.5903,1.5396,1.5432
2008-03-14,1.5359,1.5687,1.5281,1.5673
2008-03-07,1.5194,1.5451,1.5146,1.5347
2008-02-29,1.4837,1.5238,1.4779,1.5189
2008-02-22,1.468,1.4859,1.461,1.4823
2008-02-15,1.4516,1.4708,1.448,1.4678
2008-02-08,1.4799,1.4847,1.444,1.4507
2008-02-01,1.4671,1.494,1.4662,1.4804
2008-01-25,1.4602,1.4778,1.4366,1.4676
2008-01-18,1.4781,1.4918,1.459,1.4619
2008-01-11,1.4746,1.4818,1.4638,1.4776
2008-01-04,1.4714,1.4823,1.4568,1.4772
2007-12-28,1.4376,1.4725,1.4358,1.4712
2007-12-21,1.439,1.4453,1.4309,1.4376
2007-12-14,1.4654,1.4749,1.4411,1.4429
2007-12-07,1.4639,1.477,1.4526,1.4656
2007-11-30,1.482,1.4907,1.4627,1.4632
2007-11-23,1.467,1.4966,1.4617,1.4835
2007-11-16,1.4675,1.4725,1.452,1.4662
2007-11-09,1.4508,1.4751,1.4444,1.4677
2007-11-02,1.44,1.4527,1.4374,1.4501
2007-10-26,1.4304,1.4395,1.4125,1.4393
2007-10-19,1.4177,1.4318,1.4143,1.4304
2007-10-12,1.4138,1.4241,1.4014,1.4179
2007-10-05,1.4268,1.4275,1.4032,1.4135
2007-09-28,1.4091,1.4278,1.4061,1.4266
2007-09-21,1.3872,1.4118,1.3829,1.409
2007-09-14,1.3774,1.3927,1.3766,1.3874
2007-09-07,1.3629,1.3796,1.3551,1.3767
2007-08-31,1.3672,1.3719,1.3563,1.3628
2007-08-24,1.3475,1.3679,1.345,1.3674
2007-08-17,1.3689,1.3709,1.337,1.3475
2007-08-10,1.3796,1.3838,1.3643,1.3692
2007-08-03,1.3623,1.3819,1.361,1.3773
2007-07-27,1.383,1.3851,1.3627,1.3633
2007-07-20,1.3781,1.3842,1.3753,1.3827
2007-07-13,1.363,1.3811,1.3594,1.3782
2007-07-06,1.3541,1.3658,1.3528,1.3627
2007-06-29,1.3468,1.3542,1.3416,1.3541
2007-06-22,1.3384,1.347,1.3372,1.347
2007-06-15,1.3366,1.3389,1.3264,1.3388
2007-06-08,1.3445,1.3551,1.3321,1.3372
2007-06-01,1.3449,1.3519,1.3392,1.3448
2007-05-25,1.3519,1.353,1.3411,1.3442
2007-05-18,1.3526,1.361,1.3465,1.3508
2007-05-11,1.36,1.3626,1.3463,1.3522
2007-05-04,1.3631,1.3679,1.3533,1.359
2007-04-27,1.3594,1.3678,1.3542,1.3649
2007-04-20,1.3541,1.3637,1.3522,1.3588
2007-04-13,1.3373,1.3551,1.334,1.3527
2007-04-06,1.3373,1.3441,1.3319,1.3378
2007-03-30,1.3283,1.3399,1.3254,1.3352
2007-03-23,1.3316,1.341,1.3271,1.3283
2007-03-16,1.3126,1.3339,1.3109,1.3315
2007-03-09,1.32,1.3211,1.3072,1.3114
2007-03-02,1.3168,1.3259,1.3143,1.3191
2007-02-23,1.3146,1.3189,1.3081,1.3165
2007-02-16,1.2991,1.3171,1.294,1.3137
2007-02-09,1.296,1.3044,1.2912,1.3005
2007-02-02,1.2916,1.3064,1.2897,1.2961
2007-01-26,1.2959,1.3044,1.2878,1.2915
2007-01-19,1.2933,1.3001,1.2896,1.2961
2007-01-12,1.3012,1.3052,1.2867,1.2924
2007-01-05,1.3197,1.3296,1.2981,1.3003
2006-12-29,1.3118,1.3204,1.309,1.3197
2006-12-22,1.3082,1.3244,1.3052,1.3127
2006-12-15,1.3178,1.3291,1.306,1.3081
2006-12-08,1.3333,1.3367,1.3193,1.3201
2006-12-01,1.3129,1.3348,1.3087,1.3337
2006-11-24,1.2829,1.3107,1.2797,1.3094
2006-11-17,1.2846,1.2877,1.2762,1.2826
2006-11-10,1.2717,1.2898,1.2689,1.284
2006-11-03,1.273,1.2798,1.2679,1.2718
2006-10-27,1.2615,1.2749,1.2525,1.274
2006-10-20,1.2502,1.264,1.2489,1.2615
2006-10-13,1.2589,1.2613,1.2483,1.2512
2006-10-06,1.268,1.2765,1.2573,1.2599
2006-09-29,1.2789,1.2819,1.2639,1.2674
2006-09-22,1.2643,1.283,1.2642,1.2783
2006-09-15,1.2667,1.275,1.2632,1.2661
2006-09-08,1.284,1.2874,1.265,1.2677
2006-09-01,1.2759,1.2879,1.2751,1.2835
2006-08-25,1.2873,1.2938,1.2725,1.2751
2006-08-18,1.2711,1.2886,1.2695,1.2823
2006-08-11,1.2884,1.2909,1.2717,1.2721
2006-08-04,1.2762,1.2909,1.2718,1.2878
2006-07-28,1.2702,1.2772,1.2558,1.2747
2006-07-21,1.2633,1.2696,1.2458,1.2695
2006-07-14,1.2811,1.2818,1.2622,1.2644
2006-07-07,1.2786,1.2859,1.2702,1.2812
2006-06-30,1.2506,1.279,1.2499,1.2789
2006-06-23,1.2647,1.2679,1.2475,1.2509
2006-06-16,1.2614,1.2673,1.2528,1.2636
2006-06-09,1.2924,1.298,1.2595,1.264
2006-06-02,1.273,1.2937,1.2717,1.2921
2006-05-26,1.2761,1.2889,1.2693,1.2725
2006-05-19,1.2946,1.2971,1.2692,1.277
2006-05-12,1.2743,1.2954,1.266,1.2926
2006-05-05,1.2628,1.2763,1.2553,1.2728
2006-04-28,1.2352,1.2635,1.2329,1.2613
2006-04-21,1.2122,1.2394,1.2118,1.2344
2006-04-14,1.2106,1.2167,1.2065,1.211
2006-04-07,1.2116,1.2333,1.2029,1.2101
2006-03-31,1.2037,1.2175,1.1978,1.2121
2006-03-24,1.2168,1.2196,1.1949,1.203
2006-03-17,1.1914,1.2207,1.1908,1.2195
2006-03-10,1.2047,1.2093,1.1857,1.1913
2006-03-03,1.1871,1.2051,1.1825,1.203
2006-02-24,1.1928,1.1974,1.1857,1.1875
2006-02-17,1.1898,1.1954,1.1846,1.193
2006-02-10,1.2037,1.2047,1.1896,1.1906
2006-02-03,1.2103,1.2189,1.1966,1.2023
2006-01-27,1.2141,1.2322,1.2084,1.2102
2006-01-20,1.2145,1.2174,1.2038,1.2136
2006-01-13,1.2072,1.2169,1.2004,1.2135
2006-01-06,1.1852,1.2178,1.1797,1.2156
2005-12-30,1.1869,1.1931,1.1774,1.1829
2005-12-23,1.2013,1.2037,1.1798,1.1861
2005-12-16,1.1783,1.2061,1.1772,1.2009
2005-12-09,1.1701,1.1848,1.1686,1.1817
2005-12-02,1.1714,1.1901,1.1657,1.171
2005-11-25,1.1763,1.1861,1.1684,1.1717
2005-11-18,1.1705,1.1794,1.1637,1.1763
2005-11-11,1.1823,1.1832,1.1669,1.1704
2005-11-04,1.2062,1.2091,1.1801,1.1823
2005-10-28,1.1949,1.2174,1.1918,1.2062
2005-10-21,1.2087,1.212,1.1871,1.1949
2005-10-14,1.2122,1.2153,1.191,1.2087
2005-10-07,1.2016,1.2207,1.1897,1.2122
2005-09-30,1.2046,1.2092,1.1976,1.2016
2005-09-23,1.2234,1.2268,1.2041,1.2046
2005-09-16,1.2412,1.2414,1.219,1.2234
2005-09-09,1.2536,1.2584,1.2373,1.2412
2005-09-02,1.2282,1.2589,1.2167,1.254
2005-08-26,1.2164,1.2342,1.2153,1.2283
2005-08-19,1.2453,1.2456,1.2123,1.2161
2005-08-12,1.2336,1.2486,1.2311,1.2436
2005-08-05,1.2129,1.2402,1.2095,1.2373
2005-07-29,1.2057,1.2159,1.1962,1.2119
2005-07-22,1.2034,1.2254,1.195,1.2057
2005-07-15,1.1973,1.2254,1.1954,1.204
2005-07-08,1.1935,1.204,1.1864,1.1974
2005-07-01,1.2099,1.2185,1.1933,1.1939
2005-06-24,1.222,1.2283,1.1981,1.2084
2005-06-17,1.2109,1.2289,1.2013,1.2283
2005-06-10,1.2227,1.2353,1.2104,1.213
2005-06-03,1.2529,1.2571,1.2157,1.2227
2005-05-27,1.2542,1.263,1.2492,1.2571
2005-05-20,1.2612,1.269,1.2533,1.255
2005-05-13,1.2815,1.2913,1.2607,1.2619
2005-05-06,1.2859,1.299,1.2806,1.2834
2005-04-29,1.3064,1.3064,1.285,1.2869
2005-04-22,1.2915,1.3124,1.2775,1.3064
2005-04-15,1.2928,1.3014,1.2775,1.2898
2005-04-08,1.2881,1.2942,1.2796,1.292
2005-04-01,1.295,1.3051,1.2852,1.2906
2005-03-25,1.3309,1.3316,1.2925,1.2955
2005-03-18,1.3464,1.3478,1.326,1.3323
2005-03-11,1.323,1.3481,1.3176,1.3453
2005-03-04,1.3242,1.3278,1.3084,1.3236
2005-02-25,1.3059,1.3273,1.3028,1.3244
2005-02-18,1.2961,1.3088,1.2853,1.3065
2005-02-11,1.2869,1.2905,1.2728,1.2865
2005-02-04,1.3033,1.3093,1.2863,1.2872
2005-01-28,1.3041,1.3123,1.294,1.3036
2005-01-21,1.3097,1.3128,1.2918,1.3042
2005-01-14,1.3087,1.3292,1.3044,1.3107
2005-01-07,1.3552,1.358,1.302,1.305
2004-12-31,1.3525,1.3667,1.3509,1.3552
2004-12-24,1.3322,1.3547,1.3293,1.3524
2004-12-17,1.3202,1.3444,1.3185,1.3306
2004-12-10,1.3439,1.3467,1.3136,1.3236
2004-12-03,1.3266,1.3459,1.3224,1.3456
2004-11-26,1.3027,1.3329,1.297,1.3293
2004-11-19,1.297,1.3075,1.2913,1.3015
2004-11-12,1.2913,1.3005,1.2847,1.2979
2004-11-05,1.274,1.295,1.2652,1.2942
2004-10-29,1.2675,1.2841,1.2626,1.2783
2004-10-22,1.2472,1.2689,1.2446,1.2684
2004-10-15,1.2411,1.2495,1.2223,1.2474
2004-10-08,1.2388,1.2433,1.2243,1.2409
2004-10-01,1.229,1.2444,1.2244,1.2407
2004-09-24,1.2165,1.2361,1.2122,1.2274
2004-09-17,1.2252,1.2294,1.212,1.2173
2004-09-10,1.2071,1.2309,1.2022,1.2266
2004-09-03,1.2015,1.2217,1.1985,1.2056
2004-08-27,1.2315,1.2316,1.1994,1.2012
2004-08-20,1.2365,1.2388,1.2274,1.2304
2004-08-13,1.2273,1.2374,1.206,1.2372
2004-08-06,1.2062,1.2288,1.1965,1.228
2004-07-30,1.2092,1.2193,1.1987,1.2007
2004-07-23,1.2429,1.246,1.2087,1.2092
2004-07-16,1.241,1.246,1.2295,1.2446
2004-07-09,1.2315,1.2424,1.227,1.241
2004-07-02,1.2137,1.233,1.2062,1.2321
2004-06-25,1.2137,1.2192,1.2037,1.215
2004-06-18,1.2003,1.2165,1.195,1.2137
2004-06-11,1.2283,1.2351,1.1962,1.2007
2004-06-04,1.2247,1.2306,1.2139,1.2289
2004-05-28,1.1979,1.2295,1.1928,1.2209
2004-05-21,1.1886,1.207,1.1875,1.2022
2004-05-14,1.1868,1.1941,1.1776,1.188
2004-05-07,1.1976,1.2179,1.1871,1.1886
2004-04-30,1.1797,1.2009,1.1756,1.1979
2004-04-23,1.2015,1.2077,1.1776,1.1841
2004-04-16,1.2086,1.2097,1.1864,1.1993
2004-04-09,1.2121,1.2221,1.1979,1.2094
2004-04-02,1.2144,1.2388,1.2043,1.213
